-- phpMyAdmin SQL Dump
-- version 4.4.3
-- http://www.phpmyadmin.net
--
-- Host: localhost
-- Generation Time: Nov 14, 2016 at 08:34 
-- Server version: 5.6.24
-- PHP Version: 5.6.8

SET SQL_MODE = "NO_AUTO_VALUE_ON_ZERO";
SET time_zone = "+00:00";


/*!40101 SET @OLD_CHARACTER_SET_CLIENT=@@CHARACTER_SET_CLIENT */;
/*!40101 SET @OLD_CHARACTER_SET_RESULTS=@@CHARACTER_SET_RESULTS */;
/*!40101 SET @OLD_COLLATION_CONNECTION=@@COLLATION_CONNECTION */;
/*!40101 SET NAMES utf8 */;

--
-- Database: `bluej_exercises`
--

-- --------------------------------------------------------

--
-- Table structure for table `block`
--

CREATE TABLE IF NOT EXISTS `block` (
  `idblock` int(11) NOT NULL,
  `blockname` varchar(255) NOT NULL
) ENGINE=InnoDB AUTO_INCREMENT=41 DEFAULT CHARSET=utf8;

--
-- Dumping data for table `block`
--

INSERT INTO `block` (`idblock`, `blockname`) VALUES
(1, '1A'),
(2, '1B'),
(3, '2A'),
(4, '2B'),
(5, '2C'),
(6, '2D'),
(7, '2E'),
(8, '3A'),
(9, '3B'),
(10, '3C'),
(11, '4A'),
(12, '4B'),
(13, '4C'),
(14, '4D'),
(15, '4E'),
(16, '5A'),
(17, '5B'),
(18, '5C'),
(19, '5D'),
(20, '6A'),
(21, '6B'),
(22, '6C'),
(23, '7A'),
(24, '7B'),
(25, '8'),
(26, '9'),
(27, '10A'),
(28, '10B'),
(29, '10C'),
(30, '10D'),
(31, '11A'),
(32, '11B'),
(33, '11C'),
(34, '11D'),
(35, '12A'),
(36, '12B'),
(37, '12C'),
(38, '13'),
(39, '14A'),
(40, '14B');

-- --------------------------------------------------------

--
-- Table structure for table `correct_answer`
--

CREATE TABLE IF NOT EXISTS `correct_answer` (
  `idcorrect_answer` int(11) NOT NULL,
  `chapter` int(11) DEFAULT NULL,
  `exercise_nr` varchar(50) DEFAULT NULL,
  `question` varchar(3000) DEFAULT NULL,
  `answer` varchar(5000) DEFAULT NULL,
  `block_id` int(11) DEFAULT NULL,
  `creation_date` timestamp NOT NULL DEFAULT CURRENT_TIMESTAMP ON UPDATE CURRENT_TIMESTAMP
) ENGINE=InnoDB AUTO_INCREMENT=715 DEFAULT CHARSET=utf8;

--
-- Dumping data for table `correct_answer`
--

INSERT INTO `correct_answer` (`idcorrect_answer`, `chapter`, `exercise_nr`, `question`, `answer`, `block_id`, `creation_date`) VALUES
(1, 1, '1.1', 'Dit is vraag 1.1', NULL, 1, '2016-11-10 20:36:41'),
(2, 1, '1.2', 'Dit is vraag 1.2', NULL, 1, '2016-11-10 20:36:41'),
(3, 1, '1.3', 'Dit is vraag 1.3', NULL, 1, '2016-11-10 20:36:41'),
(4, 1, '1.4', 'Dit is vraag 1.4', NULL, 1, '2016-11-10 20:36:41'),
(5, 1, '1.5', 'Dit is vraag 1.5', NULL, 1, '2016-11-10 20:36:41'),
(6, 1, '1.6', 'Dit is vraag 1.6', NULL, 1, '2016-11-10 20:36:41'),
(7, 1, '1.7', 'Dit is vraag 1.7', NULL, 1, '2016-11-10 20:36:41'),
(8, 1, '1.8', 'Dit is vraag 1.8', NULL, 1, '2016-11-10 20:36:41'),
(9, 1, '1.9', 'Dit is vraag 1.9', NULL, 1, '2016-11-10 20:36:41'),
(10, 1, '1.10', 'Dit is vraag 1.10', NULL, 1, '2016-11-10 20:36:41'),
(11, 1, '1.11', 'Dit is vraag 1.11', NULL, 1, '2016-11-10 20:36:41'),
(12, 1, '1.12', 'Dit is vraag 1.12', NULL, 1, '2016-11-10 20:36:41'),
(13, 1, '1.13', 'Dit is vraag 1.13', NULL, 1, '2016-11-10 20:36:41'),
(14, 1, '1.14', 'Dit is vraag 1.14', NULL, 1, '2016-11-10 20:36:41'),
(15, 1, '1.15', 'Dit is vraag 1.15', NULL, 1, '2016-11-10 20:36:41'),
(16, 1, '1.16', 'Dit is vraag 1.16', NULL, 1, '2016-11-10 20:36:41'),
(17, 1, '1.17', 'Dit is vraag 1.17', NULL, 1, '2016-11-10 20:36:41'),
(18, 1, '1.18', 'Dit is vraag 1.18', NULL, 1, '2016-11-10 20:36:41'),
(19, 1, '1.19', 'Dit is vraag 1.19', NULL, 1, '2016-11-10 20:36:41'),
(20, 1, '1.20', 'Dit is vraag 1.20', NULL, 1, '2016-11-10 20:36:41'),
(21, 1, '1.21', 'Dit is vraag 1.21', NULL, 2, '2016-11-10 20:36:41'),
(22, 1, '1.22', 'Dit is vraag 1.22', NULL, 2, '2016-11-10 20:36:41'),
(23, 1, '1.23', 'Dit is vraag 1.23', NULL, 2, '2016-11-10 20:36:41'),
(24, 1, '1.24', 'Dit is vraag 1.24', NULL, 2, '2016-11-10 20:36:41'),
(25, 1, '1.25', 'Dit is vraag 1.25', NULL, 2, '2016-11-10 20:36:41'),
(26, 1, '1.26', 'Dit is vraag 1.26', NULL, 2, '2016-11-10 20:36:41'),
(27, 1, '1.27', 'Dit is vraag 1.27', NULL, 2, '2016-11-10 20:36:41'),
(28, 1, '1.28', 'Dit is vraag 1.28', NULL, 2, '2016-11-10 20:36:41'),
(29, 1, '1.29', 'Dit is vraag 1.29', NULL, 2, '2016-11-10 20:36:41'),
(30, 1, '1.30', 'Dit is vraag 1.30', NULL, 2, '2016-11-10 20:36:41'),
(31, 1, '1.31', 'Dit is vraag 1.31', NULL, 2, '2016-11-10 20:36:41'),
(32, 1, '1.32', 'Dit is vraag 1.32', NULL, 2, '2016-11-10 20:36:41'),
(33, 1, '1.33', 'Dit is vraag 1.33', NULL, 2, '2016-11-10 20:36:41'),
(34, 1, '1.34', 'Dit is vraag 1.34', NULL, 2, '2016-11-10 20:36:41'),
(35, 1, '1.35', 'Dit is vraag 1.35', NULL, 2, '2016-11-10 20:36:41'),
(36, 1, '1.36', 'Dit is vraag 1.36', NULL, 2, '2016-11-10 20:36:41'),
(37, 2, '2.1', 'Dit is vraag 2.1', NULL, 3, '2016-11-10 20:36:41'),
(38, 2, '2.2', 'Dit is vraag 2.2', NULL, 3, '2016-11-10 20:36:41'),
(39, 2, '2.3', 'Dit is vraag 2.3', NULL, 3, '2016-11-10 20:36:41'),
(40, 2, '2.4', 'Dit is vraag 2.4', NULL, 3, '2016-11-10 20:36:41'),
(41, 2, '2.5', 'Dit is vraag 2.5', NULL, 3, '2016-11-10 20:36:41'),
(42, 2, '2.6', 'Dit is vraag 2.6', NULL, 3, '2016-11-10 20:36:41'),
(43, 2, '2.7', 'Dit is vraag 2.7', NULL, 3, '2016-11-10 20:36:41'),
(44, 2, '2.8', 'Dit is vraag 2.8', NULL, 3, '2016-11-10 20:36:41'),
(45, 2, '2.9', 'Dit is vraag 2.9', NULL, 3, '2016-11-10 20:36:41'),
(46, 2, '2.10', 'Dit is vraag 2.10', NULL, 3, '2016-11-10 20:36:41'),
(47, 2, '2.11', 'Dit is vraag 2.11', NULL, 3, '2016-11-10 20:36:41'),
(48, 2, '2.12', 'Dit is vraag 2.12', NULL, 3, '2016-11-10 20:36:41'),
(49, 2, '2.13', 'Dit is vraag 2.13', NULL, 3, '2016-11-10 20:36:41'),
(50, 2, '2.14', 'Dit is vraag 2.14', NULL, 3, '2016-11-10 20:36:41'),
(51, 2, '2.15', 'Dit is vraag 2.15', NULL, 3, '2016-11-10 20:36:41'),
(52, 2, '2.16', 'Dit is vraag 2.16', NULL, 3, '2016-11-10 20:36:41'),
(53, 2, '2.17', 'Dit is vraag 2.17', NULL, 3, '2016-11-10 20:36:41'),
(54, 2, '2.18', 'Dit is vraag 2.18', NULL, 3, '2016-11-10 20:36:41'),
(55, 2, '2.19', 'Dit is vraag 2.19', NULL, 3, '2016-11-10 20:36:41'),
(56, 2, '2.20', 'Dit is vraag 2.20', NULL, 3, '2016-11-10 20:36:41'),
(57, 2, '2.21', 'Dit is vraag 2.21', NULL, 4, '2016-11-10 20:36:41'),
(58, 2, '2.22', 'Dit is vraag 2.22', NULL, 4, '2016-11-10 20:36:41'),
(59, 2, '2.23', 'Dit is vraag 2.23', NULL, 4, '2016-11-10 20:36:41'),
(60, 2, '2.24', 'Dit is vraag 2.24', NULL, 4, '2016-11-10 20:36:41'),
(61, 2, '2.25', 'Dit is vraag 2.25', NULL, 4, '2016-11-10 20:36:41'),
(62, 2, '2.26', 'Dit is vraag 2.26', NULL, 4, '2016-11-10 20:36:41'),
(63, 2, '2.27', 'Dit is vraag 2.27', NULL, 4, '2016-11-10 20:36:41'),
(64, 2, '2.28', 'Dit is vraag 2.28', NULL, 4, '2016-11-10 20:36:41'),
(65, 2, '2.29', 'Dit is vraag 2.29', NULL, 4, '2016-11-10 20:36:41'),
(66, 2, '2.30', 'Dit is vraag 2.30', NULL, 4, '2016-11-10 20:36:41'),
(67, 2, '2.31', 'Dit is vraag 2.31', NULL, 4, '2016-11-10 20:36:41'),
(68, 2, '2.32', 'Dit is vraag 2.32', NULL, 4, '2016-11-10 20:36:41'),
(69, 2, '2.33', 'Dit is vraag 2.33', NULL, 4, '2016-11-10 20:36:41'),
(70, 2, '2.34', 'Dit is vraag 2.34', NULL, 4, '2016-11-10 20:36:41'),
(71, 2, '2.35', 'Dit is vraag 2.35', NULL, 4, '2016-11-10 20:36:41'),
(72, 2, '2.36', 'Dit is vraag 2.36', NULL, 4, '2016-11-10 20:36:41'),
(73, 2, '2.37', 'Dit is vraag 2.37', NULL, 4, '2016-11-10 20:36:41'),
(74, 2, '2.38', 'Dit is vraag 2.38', NULL, 4, '2016-11-10 20:36:41'),
(75, 2, '2.39', 'Dit is vraag 2.39', NULL, 4, '2016-11-10 20:36:41'),
(76, 2, '2.40', 'Dit is vraag 2.40', NULL, 4, '2016-11-10 20:36:41'),
(77, 2, '2.41', 'Dit is vraag 2.41', NULL, 5, '2016-11-10 20:36:41'),
(78, 2, '2.42', 'Dit is vraag 2.42', NULL, 5, '2016-11-10 20:36:41'),
(79, 2, '2.43', 'Dit is vraag 2.43', NULL, 5, '2016-11-10 20:36:41'),
(80, 2, '2.44', 'Dit is vraag 2.44', NULL, 5, '2016-11-10 20:36:41'),
(81, 2, '2.45', 'Dit is vraag 2.45', NULL, 5, '2016-11-10 20:36:41'),
(82, 2, '2.46', 'Dit is vraag 2.46', NULL, 5, '2016-11-10 20:36:41'),
(83, 2, '2.47', 'Dit is vraag 2.47', NULL, 5, '2016-11-10 20:36:41'),
(84, 2, '2.48', 'Dit is vraag 2.48', NULL, 5, '2016-11-10 20:36:41'),
(85, 2, '2.49', 'Dit is vraag 2.49', NULL, 5, '2016-11-10 20:36:41'),
(86, 2, '2.50', 'Dit is vraag 2.50', NULL, 5, '2016-11-10 20:36:41'),
(87, 2, '2.51', 'Dit is vraag 2.51', NULL, 5, '2016-11-10 20:36:41'),
(88, 2, '2.52', 'Dit is vraag 2.52', NULL, 5, '2016-11-10 20:36:41'),
(89, 2, '2.53', 'Dit is vraag 2.53', NULL, 5, '2016-11-10 20:36:41'),
(90, 2, '2.54', 'Dit is vraag 2.54', NULL, 5, '2016-11-10 20:36:41'),
(91, 2, '2.55', 'Dit is vraag 2.55', NULL, 5, '2016-11-10 20:36:41'),
(92, 2, '2.56', 'Dit is vraag 2.56', NULL, 5, '2016-11-10 20:36:41'),
(93, 2, '2.57', 'Dit is vraag 2.57', NULL, 5, '2016-11-10 20:36:41'),
(94, 2, '2.58', 'Dit is vraag 2.58', NULL, 5, '2016-11-10 20:36:41'),
(95, 2, '2.59', 'Dit is vraag 2.59', NULL, 5, '2016-11-10 20:36:41'),
(96, 2, '2.60', 'Dit is vraag 2.60', NULL, 5, '2016-11-10 20:36:41'),
(97, 2, '2.61', 'Dit is vraag 2.61', NULL, 6, '2016-11-10 20:36:41'),
(98, 2, '2.62', 'Dit is vraag 2.62', NULL, 6, '2016-11-10 20:36:41'),
(99, 2, '2.63', 'Dit is vraag 2.63', NULL, 6, '2016-11-10 20:36:41'),
(100, 2, '2.64', 'Dit is vraag 2.64', NULL, 6, '2016-11-10 20:36:41'),
(101, 2, '2.65', 'Dit is vraag 2.65', NULL, 6, '2016-11-10 20:36:41'),
(102, 2, '2.66', 'Dit is vraag 2.66', NULL, 6, '2016-11-10 20:36:41'),
(103, 2, '2.67', 'Dit is vraag 2.67', NULL, 6, '2016-11-10 20:36:41'),
(104, 2, '2.68', 'Dit is vraag 2.68', NULL, 6, '2016-11-10 20:36:41'),
(105, 2, '2.69', 'Dit is vraag 2.69', NULL, 6, '2016-11-10 20:36:41'),
(106, 2, '2.70', 'Dit is vraag 2.70', NULL, 6, '2016-11-10 20:36:41'),
(107, 2, '2.71', 'Dit is vraag 2.71', NULL, 6, '2016-11-10 20:36:41'),
(108, 2, '2.72', 'Dit is vraag 2.72', NULL, 6, '2016-11-10 20:36:41'),
(109, 2, '2.73', 'Dit is vraag 2.73', NULL, 6, '2016-11-10 20:36:41'),
(110, 2, '2.74', 'Dit is vraag 2.74', NULL, 6, '2016-11-10 20:36:41'),
(111, 2, '2.75', 'Dit is vraag 2.75', NULL, 6, '2016-11-10 20:36:41'),
(112, 2, '2.76', 'Dit is vraag 2.76', NULL, 6, '2016-11-10 20:36:41'),
(113, 2, '2.77', 'Dit is vraag 2.77', NULL, 6, '2016-11-10 20:36:41'),
(114, 2, '2.78', 'Dit is vraag 2.78', NULL, 6, '2016-11-10 20:36:42'),
(115, 2, '2.79', 'Dit is vraag 2.79', NULL, 6, '2016-11-10 20:36:42'),
(116, 2, '2.80', 'Dit is vraag 2.80', NULL, 6, '2016-11-10 20:36:42'),
(117, 2, '2.81', 'Dit is vraag 2.81', NULL, 7, '2016-11-10 20:36:42'),
(118, 2, '2.82', 'Dit is vraag 2.82', NULL, 7, '2016-11-10 20:36:42'),
(119, 2, '2.83', 'Dit is vraag 2.83', NULL, 7, '2016-11-10 20:36:42'),
(120, 2, '2.84', 'Dit is vraag 2.84', NULL, 7, '2016-11-10 20:36:42'),
(121, 2, '2.85', 'Dit is vraag 2.85', NULL, 7, '2016-11-10 20:36:42'),
(122, 2, '2.86', 'Dit is vraag 2.86', NULL, 7, '2016-11-10 20:36:42'),
(123, 2, '2.87', 'Dit is vraag 2.87', NULL, 7, '2016-11-10 20:36:42'),
(124, 2, '2.88', 'Dit is vraag 2.88', NULL, 7, '2016-11-10 20:36:42'),
(125, 2, '2.89', 'Dit is vraag 2.89', NULL, 7, '2016-11-10 20:36:42'),
(126, 2, '2.90', 'Dit is vraag 2.90', NULL, 7, '2016-11-10 20:36:42'),
(127, 2, '2.91', 'Dit is vraag 2.91', NULL, 7, '2016-11-10 20:36:42'),
(128, 2, '2.92', 'Dit is vraag 2.92', NULL, 7, '2016-11-10 20:36:42'),
(129, 2, '2.93', 'Dit is vraag 2.93', NULL, 7, '2016-11-10 20:36:42'),
(130, 3, '3.1', 'Dit is vraag 3.1', NULL, 8, '2016-11-10 20:36:42'),
(131, 3, '3.2', 'Dit is vraag 3.2', NULL, 8, '2016-11-10 20:36:42'),
(132, 3, '3.3', 'Dit is vraag 3.3', NULL, 8, '2016-11-10 20:36:42'),
(133, 3, '3.4', 'Dit is vraag 3.4', NULL, 8, '2016-11-10 20:36:42'),
(134, 3, '3.5', 'Dit is vraag 3.5', NULL, 8, '2016-11-10 20:36:42'),
(135, 3, '3.6', 'Dit is vraag 3.6', NULL, 8, '2016-11-10 20:36:42'),
(136, 3, '3.7', 'Dit is vraag 3.7', NULL, 8, '2016-11-10 20:36:42'),
(137, 3, '3.8', 'Dit is vraag 3.8', NULL, 8, '2016-11-10 20:36:42'),
(138, 3, '3.9', 'Dit is vraag 3.9', NULL, 8, '2016-11-10 20:36:42'),
(139, 3, '3.10', 'Dit is vraag 3.10', NULL, 8, '2016-11-10 20:36:42'),
(140, 3, '3.11', 'Dit is vraag 3.11', NULL, 8, '2016-11-10 20:36:42'),
(141, 3, '3.12', 'Dit is vraag 3.12', NULL, 8, '2016-11-10 20:36:42'),
(142, 3, '3.13', 'Dit is vraag 3.13', NULL, 8, '2016-11-10 20:36:42'),
(143, 3, '3.14', 'Dit is vraag 3.14', NULL, 8, '2016-11-10 20:36:42'),
(144, 3, '3.15', 'Dit is vraag 3.15', NULL, 8, '2016-11-10 20:36:42'),
(145, 3, '3.16', 'Dit is vraag 3.16', NULL, 8, '2016-11-10 20:36:42'),
(146, 3, '3.17', 'Dit is vraag 3.17', NULL, 8, '2016-11-10 20:36:42'),
(147, 3, '3.18', 'Dit is vraag 3.18', NULL, 8, '2016-11-10 20:36:42'),
(148, 3, '3.19', 'Dit is vraag 3.19', NULL, 8, '2016-11-10 20:36:42'),
(149, 3, '3.20', 'Dit is vraag 3.20', NULL, 8, '2016-11-10 20:36:42'),
(150, 3, '3.21', 'Dit is vraag 3.21', NULL, 9, '2016-11-10 20:36:42'),
(151, 3, '3.22', 'Dit is vraag 3.22', NULL, 9, '2016-11-10 20:36:42'),
(152, 3, '3.23', 'Dit is vraag 3.23', NULL, 9, '2016-11-10 20:36:42'),
(153, 3, '3.24', 'Dit is vraag 3.24', NULL, 9, '2016-11-10 20:36:42'),
(154, 3, '3.25', 'Dit is vraag 3.25', NULL, 9, '2016-11-10 20:36:42'),
(155, 3, '3.26', 'Dit is vraag 3.26', NULL, 9, '2016-11-10 20:36:42'),
(156, 3, '3.27', 'Dit is vraag 3.27', NULL, 9, '2016-11-10 20:36:42'),
(157, 3, '3.28', 'Dit is vraag 3.28', NULL, 9, '2016-11-10 20:36:42'),
(158, 3, '3.29', 'Dit is vraag 3.29', NULL, 9, '2016-11-10 20:36:42'),
(159, 3, '3.30', 'Dit is vraag 3.30', NULL, 9, '2016-11-10 20:36:42'),
(160, 3, '3.31', 'Dit is vraag 3.31', NULL, 9, '2016-11-10 20:36:42'),
(161, 3, '3.32', 'Dit is vraag 3.32', NULL, 9, '2016-11-10 20:36:42'),
(162, 3, '3.33', 'Dit is vraag 3.33', NULL, 9, '2016-11-10 20:36:42'),
(163, 3, '3.34', 'Dit is vraag 3.34', NULL, 9, '2016-11-10 20:36:42'),
(164, 3, '3.35', 'Dit is vraag 3.35', NULL, 9, '2016-11-10 20:36:42'),
(165, 3, '3.36', 'Dit is vraag 3.36', NULL, 9, '2016-11-10 20:36:42'),
(166, 3, '3.37', 'Dit is vraag 3.37', NULL, 9, '2016-11-10 20:36:42'),
(167, 3, '3.38', 'Dit is vraag 3.38', NULL, 9, '2016-11-10 20:36:42'),
(168, 3, '3.39', 'Dit is vraag 3.39', NULL, 9, '2016-11-10 20:36:42'),
(169, 3, '3.40', 'Dit is vraag 3.40', NULL, 9, '2016-11-10 20:36:42'),
(170, 3, '3.41', 'Dit is vraag 3.41', NULL, 10, '2016-11-10 20:36:42'),
(171, 3, '3.42', 'Dit is vraag 3.42', NULL, 10, '2016-11-10 20:36:42'),
(172, 3, '3.43', 'Dit is vraag 3.43', NULL, 10, '2016-11-10 20:36:42'),
(173, 3, '3.44', 'Dit is vraag 3.44', NULL, 10, '2016-11-10 20:36:42'),
(174, 3, '3.45', 'Dit is vraag 3.45', NULL, 10, '2016-11-10 20:36:42'),
(175, 3, '3.46', 'Dit is vraag 3.46', NULL, 10, '2016-11-10 20:36:42'),
(176, 4, '4.1', 'Dit is vraag 4.1', NULL, 11, '2016-11-10 20:36:42'),
(177, 4, '4.2', 'Dit is vraag 4.2', NULL, 11, '2016-11-10 20:36:42'),
(178, 4, '4.3', 'Dit is vraag 4.3', NULL, 11, '2016-11-10 20:36:42'),
(179, 4, '4.4', 'Dit is vraag 4.4', NULL, 11, '2016-11-10 20:36:42'),
(180, 4, '4.5', 'Dit is vraag 4.5', NULL, 11, '2016-11-10 20:36:42'),
(181, 4, '4.6', 'Dit is vraag 4.6', NULL, 11, '2016-11-10 20:36:42'),
(182, 4, '4.7', 'Dit is vraag 4.7', NULL, 11, '2016-11-10 20:36:42'),
(183, 4, '4.8', 'Dit is vraag 4.8', NULL, 11, '2016-11-10 20:36:42'),
(184, 4, '4.9', 'Dit is vraag 4.9', NULL, 11, '2016-11-10 20:36:42'),
(185, 4, '4.10', 'Dit is vraag 4.10', NULL, 11, '2016-11-10 20:36:42'),
(186, 4, '4.11', 'Dit is vraag 4.11', NULL, 11, '2016-11-10 20:36:42'),
(187, 4, '4.12', 'Dit is vraag 4.12', NULL, 11, '2016-11-10 20:36:42'),
(188, 4, '4.13', 'Dit is vraag 4.13', NULL, 11, '2016-11-10 20:36:42'),
(189, 4, '4.14', 'Dit is vraag 4.14', NULL, 11, '2016-11-10 20:36:42'),
(190, 4, '4.15', 'Dit is vraag 4.15', NULL, 11, '2016-11-10 20:36:42'),
(191, 4, '4.16', 'Dit is vraag 4.16', NULL, 11, '2016-11-10 20:36:42'),
(192, 4, '4.17', 'Dit is vraag 4.17', NULL, 11, '2016-11-10 20:36:42'),
(193, 4, '4.18', 'Dit is vraag 4.18', NULL, 11, '2016-11-10 20:36:42'),
(194, 4, '4.19', 'Dit is vraag 4.19', NULL, 11, '2016-11-10 20:36:42'),
(195, 4, '4.20', 'Dit is vraag 4.20', NULL, 11, '2016-11-10 20:36:42'),
(196, 4, '4.21', 'Dit is vraag 4.21', NULL, 12, '2016-11-10 20:36:42'),
(197, 4, '4.22', 'Dit is vraag 4.22', NULL, 12, '2016-11-10 20:36:42'),
(198, 4, '4.23', 'Dit is vraag 4.23', NULL, 12, '2016-11-10 20:36:42'),
(199, 4, '4.24', 'Dit is vraag 4.24', NULL, 12, '2016-11-10 20:36:42'),
(200, 4, '4.25', 'Dit is vraag 4.25', NULL, 12, '2016-11-10 20:36:42'),
(201, 4, '4.26', 'Dit is vraag 4.26', NULL, 12, '2016-11-10 20:36:42'),
(202, 4, '4.27', 'Dit is vraag 4.27', NULL, 12, '2016-11-10 20:36:42'),
(203, 4, '4.28', 'Dit is vraag 4.28', NULL, 12, '2016-11-10 20:36:42'),
(204, 4, '4.29', 'Dit is vraag 4.29', NULL, 12, '2016-11-10 20:36:42'),
(205, 4, '4.30', 'Dit is vraag 4.30', NULL, 12, '2016-11-10 20:36:42'),
(206, 4, '4.31', 'Dit is vraag 4.31', NULL, 12, '2016-11-10 20:36:42'),
(207, 4, '4.32', 'Dit is vraag 4.32', NULL, 12, '2016-11-10 20:36:42'),
(208, 4, '4.33', 'Dit is vraag 4.33', NULL, 12, '2016-11-10 20:36:42'),
(209, 4, '4.34', 'Dit is vraag 4.34', NULL, 12, '2016-11-10 20:36:42'),
(210, 4, '4.35', 'Dit is vraag 4.35', NULL, 12, '2016-11-10 20:36:42'),
(211, 4, '4.36', 'Dit is vraag 4.36', NULL, 12, '2016-11-10 20:36:42'),
(212, 4, '4.37', 'Dit is vraag 4.37', NULL, 12, '2016-11-10 20:36:42'),
(213, 4, '4.38', 'Dit is vraag 4.38', NULL, 12, '2016-11-10 20:36:42'),
(214, 4, '4.39', 'Dit is vraag 4.39', NULL, 12, '2016-11-10 20:36:42'),
(215, 4, '4.40', 'Dit is vraag 4.40', NULL, 12, '2016-11-10 20:36:42'),
(216, 4, '4.41', 'Dit is vraag 4.41', NULL, 13, '2016-11-10 20:36:43'),
(217, 4, '4.42', 'Dit is vraag 4.42', NULL, 13, '2016-11-10 20:36:43'),
(218, 4, '4.43', 'Dit is vraag 4.43', NULL, 13, '2016-11-10 20:36:43'),
(219, 4, '4.44', 'Dit is vraag 4.44', NULL, 13, '2016-11-10 20:36:43'),
(220, 4, '4.45', 'Dit is vraag 4.45', NULL, 13, '2016-11-10 20:36:43'),
(221, 4, '4.46', 'Dit is vraag 4.46', NULL, 13, '2016-11-10 20:36:43'),
(222, 4, '4.47', 'Dit is vraag 4.47', NULL, 13, '2016-11-10 20:36:43'),
(223, 4, '4.48', 'Dit is vraag 4.48', NULL, 13, '2016-11-10 20:36:43'),
(224, 4, '4.49', 'Dit is vraag 4.49', NULL, 13, '2016-11-10 20:36:43'),
(225, 4, '4.50', 'Dit is vraag 4.50', NULL, 13, '2016-11-10 20:36:43'),
(226, 4, '4.51', 'Dit is vraag 4.51', NULL, 13, '2016-11-10 20:36:43'),
(227, 4, '4.52', 'Dit is vraag 4.52', NULL, 13, '2016-11-10 20:36:43'),
(228, 4, '4.53', 'Dit is vraag 4.53', NULL, 13, '2016-11-10 20:36:43'),
(229, 4, '4.54', 'Dit is vraag 4.54', NULL, 13, '2016-11-10 20:36:43'),
(230, 4, '4.55', 'Dit is vraag 4.55', NULL, 13, '2016-11-10 20:36:43'),
(231, 4, '4.56', 'Dit is vraag 4.56', NULL, 13, '2016-11-10 20:36:43'),
(232, 4, '4.57', 'Dit is vraag 4.57', NULL, 13, '2016-11-10 20:36:43'),
(233, 4, '4.58', 'Dit is vraag 4.58', NULL, 13, '2016-11-10 20:36:43'),
(234, 4, '4.59', 'Dit is vraag 4.59', NULL, 13, '2016-11-10 20:36:43'),
(235, 4, '4.60', 'Dit is vraag 4.60', NULL, 13, '2016-11-10 20:36:43'),
(236, 4, '4.61', 'Dit is vraag 4.61', NULL, 14, '2016-11-10 20:36:43'),
(237, 4, '4.62', 'Dit is vraag 4.62', NULL, 14, '2016-11-10 20:36:43'),
(238, 4, '4.63', 'Dit is vraag 4.63', NULL, 14, '2016-11-10 20:36:43'),
(239, 4, '4.64', 'Dit is vraag 4.64', NULL, 14, '2016-11-10 20:36:43'),
(240, 4, '4.65', 'Dit is vraag 4.65', NULL, 14, '2016-11-10 20:36:43'),
(241, 4, '4.66', 'Dit is vraag 4.66', NULL, 14, '2016-11-10 20:36:43'),
(242, 4, '4.67', 'Dit is vraag 4.67', NULL, 14, '2016-11-10 20:36:43'),
(243, 4, '4.68', 'Dit is vraag 4.68', NULL, 14, '2016-11-10 20:36:43'),
(244, 4, '4.69', 'Dit is vraag 4.69', NULL, 14, '2016-11-10 20:36:43'),
(245, 4, '4.70', 'Dit is vraag 4.70', NULL, 14, '2016-11-10 20:36:43'),
(246, 4, '4.71', 'Dit is vraag 4.71', NULL, 14, '2016-11-10 20:36:43'),
(247, 4, '4.72', 'Dit is vraag 4.72', NULL, 14, '2016-11-10 20:36:43'),
(248, 4, '4.73', 'Dit is vraag 4.73', NULL, 14, '2016-11-10 20:36:43'),
(249, 4, '4.74', 'Dit is vraag 4.74', NULL, 14, '2016-11-10 20:36:43'),
(250, 4, '4.75', 'Dit is vraag 4.75', NULL, 14, '2016-11-10 20:36:43'),
(251, 4, '4.76', 'Dit is vraag 4.76', NULL, 14, '2016-11-10 20:36:43'),
(252, 4, '4.77', 'Dit is vraag 4.77', NULL, 14, '2016-11-10 20:36:43'),
(253, 4, '4.78', 'Dit is vraag 4.78', NULL, 14, '2016-11-10 20:36:43'),
(254, 4, '4.79', 'Dit is vraag 4.79', NULL, 14, '2016-11-10 20:36:43'),
(255, 4, '4.80', 'Dit is vraag 4.80', NULL, 14, '2016-11-10 20:36:43'),
(256, 4, '4.81', 'Dit is vraag 4.81', NULL, 15, '2016-11-10 20:36:43'),
(257, 4, '4.82', 'Dit is vraag 4.82', NULL, 15, '2016-11-10 20:36:43'),
(258, 4, '4.83', 'Dit is vraag 4.83', NULL, 15, '2016-11-10 20:36:43'),
(259, 4, '4.84', 'Dit is vraag 4.84', NULL, 15, '2016-11-10 20:36:43'),
(260, 4, '4.85', 'Dit is vraag 4.85', NULL, 15, '2016-11-10 20:36:43'),
(261, 4, '4.86', 'Dit is vraag 4.86', NULL, 15, '2016-11-10 20:36:43'),
(262, 4, '4.87', 'Dit is vraag 4.87', NULL, 15, '2016-11-10 20:36:43'),
(263, 5, '5.1', 'Dit is vraag 5.1', NULL, 16, '2016-11-10 20:36:43'),
(264, 5, '5.2', 'Dit is vraag 5.2', NULL, 16, '2016-11-10 20:36:43'),
(265, 5, '5.3', 'Dit is vraag 5.3', NULL, 16, '2016-11-10 20:36:43'),
(266, 5, '5.4', 'Dit is vraag 5.4', NULL, 16, '2016-11-10 20:36:43'),
(267, 5, '5.5', 'Dit is vraag 5.5', NULL, 16, '2016-11-10 20:36:43'),
(268, 5, '5.6', 'Dit is vraag 5.6', NULL, 16, '2016-11-10 20:36:43'),
(269, 5, '5.7', 'Dit is vraag 5.7', NULL, 16, '2016-11-10 20:36:43'),
(270, 5, '5.8', 'Dit is vraag 5.8', NULL, 16, '2016-11-10 20:36:43'),
(271, 5, '5.9', 'Dit is vraag 5.9', NULL, 16, '2016-11-10 20:36:43'),
(272, 5, '5.10', 'Dit is vraag 5.10', NULL, 16, '2016-11-10 20:36:43'),
(273, 5, '5.11', 'Dit is vraag 5.11', NULL, 16, '2016-11-10 20:36:43'),
(274, 5, '5.12', 'Dit is vraag 5.12', NULL, 16, '2016-11-10 20:36:43'),
(275, 5, '5.13', 'Dit is vraag 5.13', NULL, 16, '2016-11-10 20:36:43'),
(276, 5, '5.14', 'Dit is vraag 5.14', NULL, 16, '2016-11-10 20:36:43'),
(277, 5, '5.15', 'Dit is vraag 5.15', NULL, 16, '2016-11-10 20:36:43'),
(278, 5, '5.16', 'Dit is vraag 5.16', NULL, 16, '2016-11-10 20:36:43'),
(279, 5, '5.17', 'Dit is vraag 5.17', NULL, 16, '2016-11-10 20:36:43'),
(280, 5, '5.18', 'Dit is vraag 5.18', NULL, 16, '2016-11-10 20:36:43'),
(281, 5, '5.19', 'Dit is vraag 5.19', NULL, 16, '2016-11-10 20:36:43'),
(282, 5, '5.20', 'Dit is vraag 5.20', NULL, 16, '2016-11-10 20:36:43'),
(283, 5, '5.21', 'Dit is vraag 5.21', NULL, 17, '2016-11-10 20:36:43'),
(284, 5, '5.22', 'Dit is vraag 5.22', NULL, 17, '2016-11-10 20:36:43'),
(285, 5, '5.23', 'Dit is vraag 5.23', NULL, 17, '2016-11-10 20:36:43'),
(286, 5, '5.24', 'Dit is vraag 5.24', NULL, 17, '2016-11-10 20:36:43'),
(287, 5, '5.25', 'Dit is vraag 5.25', NULL, 17, '2016-11-10 20:36:43'),
(288, 5, '5.26', 'Dit is vraag 5.26', NULL, 17, '2016-11-10 20:36:43'),
(289, 5, '5.27', 'Dit is vraag 5.27', NULL, 17, '2016-11-10 20:36:43'),
(290, 5, '5.28', 'Dit is vraag 5.28', NULL, 17, '2016-11-10 20:36:43'),
(291, 5, '5.29', 'Dit is vraag 5.29', NULL, 17, '2016-11-10 20:36:43'),
(292, 5, '5.30', 'Dit is vraag 5.30', NULL, 17, '2016-11-10 20:36:43'),
(293, 5, '5.31', 'Dit is vraag 5.31', NULL, 17, '2016-11-10 20:36:43'),
(294, 5, '5.32', 'Dit is vraag 5.32', NULL, 17, '2016-11-10 20:36:43'),
(295, 5, '5.33', 'Dit is vraag 5.33', NULL, 17, '2016-11-10 20:36:43'),
(296, 5, '5.34', 'Dit is vraag 5.34', NULL, 17, '2016-11-10 20:36:43'),
(297, 5, '5.35', 'Dit is vraag 5.35', NULL, 17, '2016-11-10 20:36:43'),
(298, 5, '5.36', 'Dit is vraag 5.36', NULL, 17, '2016-11-10 20:36:43'),
(299, 5, '5.37', 'Dit is vraag 5.37', NULL, 17, '2016-11-10 20:36:43'),
(300, 5, '5.38', 'Dit is vraag 5.38', NULL, 17, '2016-11-10 20:36:43'),
(301, 5, '5.39', 'Dit is vraag 5.39', NULL, 17, '2016-11-10 20:36:43'),
(302, 5, '5.40', 'Dit is vraag 5.40', NULL, 17, '2016-11-10 20:36:43'),
(303, 5, '5.41', 'Dit is vraag 5.41', NULL, 18, '2016-11-10 20:36:43'),
(304, 5, '5.42', 'Dit is vraag 5.42', NULL, 18, '2016-11-10 20:36:43'),
(305, 5, '5.43', 'Dit is vraag 5.43', NULL, 18, '2016-11-10 20:36:43'),
(306, 5, '5.44', 'Dit is vraag 5.44', NULL, 18, '2016-11-10 20:36:43'),
(307, 5, '5.45', 'Dit is vraag 5.45', NULL, 18, '2016-11-10 20:36:43'),
(308, 5, '5.46', 'Dit is vraag 5.46', NULL, 18, '2016-11-10 20:36:43'),
(309, 5, '5.47', 'Dit is vraag 5.47', NULL, 18, '2016-11-10 20:36:43'),
(310, 5, '5.48', 'Dit is vraag 5.48', NULL, 18, '2016-11-10 20:36:43'),
(311, 5, '5.49', 'Dit is vraag 5.49', NULL, 18, '2016-11-10 20:36:43'),
(312, 5, '5.50', 'Dit is vraag 5.50', NULL, 18, '2016-11-10 20:36:43'),
(313, 5, '5.51', 'Dit is vraag 5.51', NULL, 18, '2016-11-10 20:36:43'),
(314, 5, '5.52', 'Dit is vraag 5.52', NULL, 18, '2016-11-10 20:36:43'),
(315, 5, '5.53', 'Dit is vraag 5.53', NULL, 18, '2016-11-10 20:36:43'),
(316, 5, '5.54', 'Dit is vraag 5.54', NULL, 18, '2016-11-10 20:36:43'),
(317, 5, '5.55', 'Dit is vraag 5.55', NULL, 18, '2016-11-10 20:36:43'),
(318, 5, '5.56', 'Dit is vraag 5.56', NULL, 18, '2016-11-10 20:36:43'),
(319, 5, '5.57', 'Dit is vraag 5.57', NULL, 18, '2016-11-10 20:36:43'),
(320, 5, '5.58', 'Dit is vraag 5.58', NULL, 18, '2016-11-10 20:36:43'),
(321, 5, '5.59', 'Dit is vraag 5.59', NULL, 18, '2016-11-10 20:36:43'),
(322, 5, '5.60', 'Dit is vraag 5.60', NULL, 18, '2016-11-10 20:36:43'),
(323, 5, '5.61', 'Dit is vraag 5.61', NULL, 19, '2016-11-10 20:36:43'),
(324, 5, '5.62', 'Dit is vraag 5.62', NULL, 19, '2016-11-10 20:36:43'),
(325, 5, '5.63', 'Dit is vraag 5.63', NULL, 19, '2016-11-10 20:36:43'),
(326, 5, '5.64', 'Dit is vraag 5.64', NULL, 19, '2016-11-10 20:36:43'),
(327, 5, '5.65', 'Dit is vraag 5.65', NULL, 19, '2016-11-10 20:36:43'),
(328, 5, '5.66', 'Dit is vraag 5.66', NULL, 19, '2016-11-10 20:36:43'),
(329, 5, '5.67', 'Dit is vraag 5.67', NULL, 19, '2016-11-10 20:36:43'),
(330, 5, '5.68', 'Dit is vraag 5.68', NULL, 19, '2016-11-10 20:36:43'),
(331, 5, '5.69', 'Dit is vraag 5.69', NULL, 19, '2016-11-10 20:36:43'),
(332, 5, '5.70', 'Dit is vraag 5.70', NULL, 19, '2016-11-10 20:36:43'),
(333, 5, '5.71', 'Dit is vraag 5.71', NULL, 19, '2016-11-10 20:36:43'),
(334, 5, '5.72', 'Dit is vraag 5.72', NULL, 19, '2016-11-10 20:36:43'),
(335, 5, '5.73', 'Dit is vraag 5.73', NULL, 19, '2016-11-10 20:36:43'),
(336, 6, '6.1', 'Dit is vraag 6.1', NULL, 20, '2016-11-10 20:36:43'),
(337, 6, '6.2', 'Dit is vraag 6.2', NULL, 20, '2016-11-10 20:36:44'),
(338, 6, '6.3', 'Dit is vraag 6.3', NULL, 20, '2016-11-10 20:36:44'),
(339, 6, '6.4', 'Dit is vraag 6.4', NULL, 20, '2016-11-10 20:36:44'),
(340, 6, '6.5', 'Dit is vraag 6.5', NULL, 20, '2016-11-10 20:36:44'),
(341, 6, '6.6', 'Dit is vraag 6.6', NULL, 20, '2016-11-10 20:36:44'),
(342, 6, '6.7', 'Dit is vraag 6.7', NULL, 20, '2016-11-10 20:36:44'),
(343, 6, '6.8', 'Dit is vraag 6.8', NULL, 20, '2016-11-10 20:36:44'),
(344, 6, '6.9', 'Dit is vraag 6.9', NULL, 20, '2016-11-10 20:36:44'),
(345, 6, '6.10', 'Dit is vraag 6.10', NULL, 20, '2016-11-10 20:36:44'),
(346, 6, '6.11', 'Dit is vraag 6.11', NULL, 20, '2016-11-10 20:36:44'),
(347, 6, '6.12', 'Dit is vraag 6.12', NULL, 20, '2016-11-10 20:36:44'),
(348, 6, '6.13', 'Dit is vraag 6.13', NULL, 20, '2016-11-10 20:36:44'),
(349, 6, '6.14', 'Dit is vraag 6.14', NULL, 20, '2016-11-10 20:36:44'),
(350, 6, '6.15', 'Dit is vraag 6.15', NULL, 20, '2016-11-10 20:36:44'),
(351, 6, '6.16', 'Dit is vraag 6.16', NULL, 20, '2016-11-10 20:36:44'),
(352, 6, '6.17', 'Dit is vraag 6.17', NULL, 20, '2016-11-10 20:36:44'),
(353, 6, '6.18', 'Dit is vraag 6.18', NULL, 20, '2016-11-10 20:36:44'),
(354, 6, '6.19', 'Dit is vraag 6.19', NULL, 20, '2016-11-10 20:36:44'),
(355, 6, '6.20', 'Dit is vraag 6.20', NULL, 20, '2016-11-10 20:36:44'),
(356, 6, '6.21', 'Dit is vraag 6.21', NULL, 21, '2016-11-10 20:36:44'),
(357, 6, '6.22', 'Dit is vraag 6.22', NULL, 21, '2016-11-10 20:36:44'),
(358, 6, '6.23', 'Dit is vraag 6.23', NULL, 21, '2016-11-10 20:36:44'),
(359, 6, '6.24', 'Dit is vraag 6.24', NULL, 21, '2016-11-10 20:36:44'),
(360, 6, '6.25', 'Dit is vraag 6.25', NULL, 21, '2016-11-10 20:36:44'),
(361, 6, '6.26', 'Dit is vraag 6.26', NULL, 21, '2016-11-10 20:36:44'),
(362, 6, '6.27', 'Dit is vraag 6.27', NULL, 21, '2016-11-10 20:36:44'),
(363, 6, '6.28', 'Dit is vraag 6.28', NULL, 21, '2016-11-10 20:36:44'),
(364, 6, '6.29', 'Dit is vraag 6.29', NULL, 21, '2016-11-10 20:36:44'),
(365, 6, '6.30', 'Dit is vraag 6.30', NULL, 21, '2016-11-10 20:36:44'),
(366, 6, '6.31', 'Dit is vraag 6.31', NULL, 21, '2016-11-10 20:36:44'),
(367, 6, '6.32', 'Dit is vraag 6.32', NULL, 21, '2016-11-10 20:36:44'),
(368, 6, '6.33', 'Dit is vraag 6.33', NULL, 21, '2016-11-10 20:36:44'),
(369, 6, '6.34', 'Dit is vraag 6.34', NULL, 21, '2016-11-10 20:36:44'),
(370, 6, '6.35', 'Dit is vraag 6.35', NULL, 21, '2016-11-10 20:36:44'),
(371, 6, '6.36', 'Dit is vraag 6.36', NULL, 21, '2016-11-10 20:36:44'),
(372, 6, '6.37', 'Dit is vraag 6.37', NULL, 21, '2016-11-10 20:36:44'),
(373, 6, '6.38', 'Dit is vraag 6.38', NULL, 21, '2016-11-10 20:36:44'),
(374, 6, '6.39', 'Dit is vraag 6.39', NULL, 21, '2016-11-10 20:36:44'),
(375, 6, '6.40', 'Dit is vraag 6.40', NULL, 21, '2016-11-10 20:36:44'),
(376, 6, '6.41', 'Dit is vraag 6.41', NULL, 22, '2016-11-10 20:36:44'),
(377, 6, '6.42', 'Dit is vraag 6.42', NULL, 22, '2016-11-10 20:36:44'),
(378, 6, '6.43', 'Dit is vraag 6.43', NULL, 22, '2016-11-10 20:36:44'),
(379, 6, '6.44', 'Dit is vraag 6.44', NULL, 22, '2016-11-10 20:36:44'),
(380, 6, '6.45', 'Dit is vraag 6.45', NULL, 22, '2016-11-10 20:36:44'),
(381, 6, '6.46', 'Dit is vraag 6.46', NULL, 22, '2016-11-10 20:36:44'),
(382, 6, '6.47', 'Dit is vraag 6.47', NULL, 22, '2016-11-10 20:36:44'),
(383, 6, '6.48', 'Dit is vraag 6.48', NULL, 22, '2016-11-10 20:36:44'),
(384, 6, '6.49', 'Dit is vraag 6.49', NULL, 22, '2016-11-10 20:36:44'),
(385, 6, '6.50', 'Dit is vraag 6.50', NULL, 22, '2016-11-10 20:36:44'),
(386, 6, '6.51', 'Dit is vraag 6.51', NULL, 22, '2016-11-10 20:36:44'),
(387, 6, '6.52', 'Dit is vraag 6.52', NULL, 22, '2016-11-10 20:36:44'),
(388, 6, '6.53', 'Dit is vraag 6.53', NULL, 22, '2016-11-10 20:36:44'),
(389, 6, '6.54', 'Dit is vraag 6.54', NULL, 22, '2016-11-10 20:36:44'),
(390, 6, '6.55', 'Dit is vraag 6.55', NULL, 22, '2016-11-10 20:36:44'),
(391, 6, '6.56', 'Dit is vraag 6.56', NULL, 22, '2016-11-10 20:36:44'),
(392, 7, '7.1', 'Dit is vraag 7.1', NULL, 23, '2016-11-10 20:36:44'),
(393, 7, '7.2', 'Dit is vraag 7.2', NULL, 23, '2016-11-10 20:36:44'),
(394, 7, '7.3', 'Dit is vraag 7.3', NULL, 23, '2016-11-10 20:36:44'),
(395, 7, '7.4', 'Dit is vraag 7.4', NULL, 23, '2016-11-10 20:36:44'),
(396, 7, '7.5', 'Dit is vraag 7.5', NULL, 23, '2016-11-10 20:36:44'),
(397, 7, '7.6', 'Dit is vraag 7.6', NULL, 23, '2016-11-10 20:36:44'),
(398, 7, '7.7', 'Dit is vraag 7.7', NULL, 23, '2016-11-10 20:36:44'),
(399, 7, '7.8', 'Dit is vraag 7.8', NULL, 23, '2016-11-10 20:36:44'),
(400, 7, '7.9', 'Dit is vraag 7.9', NULL, 23, '2016-11-10 20:36:44'),
(401, 7, '7.10', 'Dit is vraag 7.10', NULL, 23, '2016-11-10 20:36:44'),
(402, 7, '7.11', 'Dit is vraag 7.11', NULL, 23, '2016-11-10 20:36:44'),
(403, 7, '7.12', 'Dit is vraag 7.12', NULL, 23, '2016-11-10 20:36:44'),
(404, 7, '7.13', 'Dit is vraag 7.13', NULL, 23, '2016-11-10 20:36:44'),
(405, 7, '7.14', 'Dit is vraag 7.14', NULL, 23, '2016-11-10 20:36:44'),
(406, 7, '7.15', 'Dit is vraag 7.15', NULL, 23, '2016-11-10 20:36:44'),
(407, 7, '7.16', 'Dit is vraag 7.16', NULL, 23, '2016-11-10 20:36:44'),
(408, 7, '7.17', 'Dit is vraag 7.17', NULL, 23, '2016-11-10 20:36:44'),
(409, 7, '7.18', 'Dit is vraag 7.18', NULL, 23, '2016-11-10 20:36:44'),
(410, 7, '7.19', 'Dit is vraag 7.19', NULL, 23, '2016-11-10 20:36:44'),
(411, 7, '7.20', 'Dit is vraag 7.20', NULL, 23, '2016-11-10 20:36:44'),
(412, 7, '7.21', 'Dit is vraag 7.21', NULL, 24, '2016-11-10 20:36:44'),
(413, 7, '7.22', 'Dit is vraag 7.22', NULL, 24, '2016-11-10 20:36:44'),
(414, 7, '7.23', 'Dit is vraag 7.23', NULL, 24, '2016-11-10 20:36:44'),
(415, 7, '7.24', 'Dit is vraag 7.24', NULL, 24, '2016-11-10 20:36:44'),
(416, 7, '7.25', 'Dit is vraag 7.25', NULL, 24, '2016-11-10 20:36:44'),
(417, 7, '7.26', 'Dit is vraag 7.26', NULL, 24, '2016-11-10 20:36:44'),
(418, 7, '7.27', 'Dit is vraag 7.27', NULL, 24, '2016-11-10 20:36:44'),
(419, 7, '7.28', 'Dit is vraag 7.28', NULL, 24, '2016-11-10 20:36:44'),
(420, 7, '7.29', 'Dit is vraag 7.29', NULL, 24, '2016-11-10 20:36:44'),
(421, 7, '7.30', 'Dit is vraag 7.30', NULL, 24, '2016-11-10 20:36:44'),
(422, 7, '7.31', 'Dit is vraag 7.31', NULL, 24, '2016-11-10 20:36:44'),
(423, 7, '7.32', 'Dit is vraag 7.32', NULL, 24, '2016-11-10 20:36:44'),
(424, 7, '7.33', 'Dit is vraag 7.33', NULL, 24, '2016-11-10 20:36:44'),
(425, 7, '7.34', 'Dit is vraag 7.34', NULL, 24, '2016-11-10 20:36:44'),
(426, 7, '7.35', 'Dit is vraag 7.35', NULL, 24, '2016-11-10 20:36:44'),
(427, 7, '7.36', 'Dit is vraag 7.36', NULL, 24, '2016-11-10 20:36:44'),
(428, 7, '7.37', 'Dit is vraag 7.37', NULL, 24, '2016-11-10 20:36:44'),
(429, 8, '8.1', 'Dit is vraag 8.1', NULL, 25, '2016-11-10 20:36:45'),
(430, 8, '8.2', 'Dit is vraag 8.2', NULL, 25, '2016-11-10 20:36:45'),
(431, 8, '8.3', 'Dit is vraag 8.3', NULL, 25, '2016-11-10 20:36:45'),
(432, 8, '8.4', 'Dit is vraag 8.4', NULL, 25, '2016-11-10 20:36:45'),
(433, 8, '8.5', 'Dit is vraag 8.5', NULL, 25, '2016-11-10 20:36:45'),
(434, 8, '8.6', 'Dit is vraag 8.6', NULL, 25, '2016-11-10 20:36:45'),
(435, 8, '8.7', 'Dit is vraag 8.7', NULL, 25, '2016-11-10 20:36:45'),
(436, 8, '8.8', 'Dit is vraag 8.8', NULL, 25, '2016-11-10 20:36:45'),
(437, 8, '8.9', 'Dit is vraag 8.9', NULL, 25, '2016-11-10 20:36:45'),
(438, 8, '8.10', 'Dit is vraag 8.10', NULL, 25, '2016-11-10 20:36:45'),
(439, 8, '8.11', 'Dit is vraag 8.11', NULL, 25, '2016-11-10 20:36:45'),
(440, 8, '8.12', 'Dit is vraag 8.12', NULL, 25, '2016-11-10 20:36:45'),
(441, 8, '8.13', 'Dit is vraag 8.13', NULL, 25, '2016-11-10 20:36:45'),
(442, 8, '8.14', 'Dit is vraag 8.14', NULL, 25, '2016-11-10 20:36:45'),
(443, 8, '8.15', 'Dit is vraag 8.15', NULL, 25, '2016-11-10 20:36:45'),
(444, 8, '8.16', 'Dit is vraag 8.16', NULL, 25, '2016-11-10 20:36:45'),
(445, 8, '8.17', 'Dit is vraag 8.17', NULL, 25, '2016-11-10 20:36:45'),
(446, 8, '8.18', 'Dit is vraag 8.18', NULL, 25, '2016-11-10 20:36:45'),
(447, 8, '8.19', 'Dit is vraag 8.19', NULL, 25, '2016-11-10 20:36:45'),
(448, 9, '9.1', 'Dit is vraag 9.1', NULL, 26, '2016-11-10 20:36:45'),
(449, 9, '9.2', 'Dit is vraag 9.2', NULL, 26, '2016-11-10 20:36:45'),
(450, 9, '9.3', 'Dit is vraag 9.3', NULL, 26, '2016-11-10 20:36:45'),
(451, 9, '9.4', 'Dit is vraag 9.4', NULL, 26, '2016-11-10 20:36:45'),
(452, 9, '9.5', 'Dit is vraag 9.5', NULL, 26, '2016-11-10 20:36:45'),
(453, 9, '9.6', 'Dit is vraag 9.6', NULL, 26, '2016-11-10 20:36:45'),
(454, 9, '9.7', 'Dit is vraag 9.7', NULL, 26, '2016-11-10 20:36:45'),
(455, 9, '9.8', 'Dit is vraag 9.8', NULL, 26, '2016-11-10 20:36:45'),
(456, 9, '9.9', 'Dit is vraag 9.9', NULL, 26, '2016-11-10 20:36:45'),
(457, 9, '9.10', 'Dit is vraag 9.10', NULL, 26, '2016-11-10 20:36:45'),
(458, 9, '9.11', 'Dit is vraag 9.11', NULL, 26, '2016-11-10 20:36:45'),
(459, 9, '9.12', 'Dit is vraag 9.12', NULL, 26, '2016-11-10 20:36:45'),
(460, 9, '9.13', 'Dit is vraag 9.13', NULL, 26, '2016-11-10 20:36:45'),
(461, 9, '9.14', 'Dit is vraag 9.14', NULL, 26, '2016-11-10 20:36:45'),
(462, 9, '9.15', 'Dit is vraag 9.15', NULL, 26, '2016-11-10 20:36:45'),
(463, 9, '9.16', 'Dit is vraag 9.16', NULL, 26, '2016-11-10 20:36:45'),
(464, 10, '10.1 ', 'Dit is vraag 10.1 ', NULL, 27, '2016-11-10 20:36:45'),
(465, 10, '10.2 ', 'Dit is vraag 10.2 ', NULL, 27, '2016-11-10 20:36:45'),
(466, 10, '10.3 ', 'Dit is vraag 10.3 ', NULL, 27, '2016-11-10 20:36:45'),
(467, 10, '10.4 ', 'Dit is vraag 10.4 ', NULL, 27, '2016-11-10 20:36:45'),
(468, 10, '10.5 ', 'Dit is vraag 10.5 ', NULL, 27, '2016-11-10 20:36:45'),
(469, 10, '10.6 ', 'Dit is vraag 10.6 ', NULL, 27, '2016-11-10 20:36:45'),
(470, 10, '10.7 ', 'Dit is vraag 10.7 ', NULL, 27, '2016-11-10 20:36:45'),
(471, 10, '10.8 ', 'Dit is vraag 10.8 ', NULL, 27, '2016-11-10 20:36:45'),
(472, 10, '10.9 ', 'Dit is vraag 10.9 ', NULL, 27, '2016-11-10 20:36:45'),
(473, 10, '10.10', 'Dit is vraag 10.10', NULL, 27, '2016-11-10 20:36:45'),
(474, 10, '10.11', 'Dit is vraag 10.11', NULL, 27, '2016-11-10 20:36:45'),
(475, 10, '10.12', 'Dit is vraag 10.12', NULL, 27, '2016-11-10 20:36:45'),
(476, 10, '10.13', 'Dit is vraag 10.13', NULL, 27, '2016-11-10 20:36:45'),
(477, 10, '10.14', 'Dit is vraag 10.14', NULL, 27, '2016-11-10 20:36:45'),
(478, 10, '10.15', 'Dit is vraag 10.15', NULL, 27, '2016-11-10 20:36:45'),
(479, 10, '10.16', 'Dit is vraag 10.16', NULL, 27, '2016-11-10 20:36:45'),
(480, 10, '10.17', 'Dit is vraag 10.17', NULL, 27, '2016-11-10 20:36:45'),
(481, 10, '10.18', 'Dit is vraag 10.18', NULL, 27, '2016-11-10 20:36:45'),
(482, 10, '10.19', 'Dit is vraag 10.19', NULL, 27, '2016-11-10 20:36:45'),
(483, 10, '10.20', 'Dit is vraag 10.20', NULL, 27, '2016-11-10 20:36:45'),
(484, 10, '10.21', 'Dit is vraag 10.21', NULL, 28, '2016-11-10 20:36:45'),
(485, 10, '10.22', 'Dit is vraag 10.22', NULL, 28, '2016-11-10 20:36:45'),
(486, 10, '10.23', 'Dit is vraag 10.23', NULL, 28, '2016-11-10 20:36:45'),
(487, 10, '10.24', 'Dit is vraag 10.24', NULL, 28, '2016-11-10 20:36:45'),
(488, 10, '10.25', 'Dit is vraag 10.25', NULL, 28, '2016-11-10 20:36:45'),
(489, 10, '10.26', 'Dit is vraag 10.26', NULL, 28, '2016-11-10 20:36:45'),
(490, 10, '10.27', 'Dit is vraag 10.27', NULL, 28, '2016-11-10 20:36:45'),
(491, 10, '10.28', 'Dit is vraag 10.28', NULL, 28, '2016-11-10 20:36:45'),
(492, 10, '10.29', 'Dit is vraag 10.29', NULL, 28, '2016-11-10 20:36:45'),
(493, 10, '10.30', 'Dit is vraag 10.30', NULL, 28, '2016-11-10 20:36:45'),
(494, 10, '10.31', 'Dit is vraag 10.31', NULL, 28, '2016-11-10 20:36:45'),
(495, 10, '10.32', 'Dit is vraag 10.32', NULL, 28, '2016-11-10 20:36:45'),
(496, 10, '10.33', 'Dit is vraag 10.33', NULL, 28, '2016-11-10 20:36:45'),
(497, 10, '10.34', 'Dit is vraag 10.34', NULL, 28, '2016-11-10 20:36:45'),
(498, 10, '10.35', 'Dit is vraag 10.35', NULL, 28, '2016-11-10 20:36:45'),
(499, 10, '10.36', 'Dit is vraag 10.36', NULL, 28, '2016-11-10 20:36:45'),
(500, 10, '10.37', 'Dit is vraag 10.37', NULL, 28, '2016-11-10 20:36:45'),
(501, 10, '10.38', 'Dit is vraag 10.38', NULL, 28, '2016-11-10 20:36:45'),
(502, 10, '10.39', 'Dit is vraag 10.39', NULL, 28, '2016-11-10 20:36:45'),
(503, 10, '10.40', 'Dit is vraag 10.40', NULL, 28, '2016-11-10 20:36:45'),
(504, 10, '10.41', 'Dit is vraag 10.41', NULL, 29, '2016-11-10 20:36:45'),
(505, 10, '10.42', 'Dit is vraag 10.42', NULL, 29, '2016-11-10 20:36:45'),
(506, 10, '10.43', 'Dit is vraag 10.43', NULL, 29, '2016-11-10 20:36:45'),
(507, 10, '10.44', 'Dit is vraag 10.44', NULL, 29, '2016-11-10 20:36:45'),
(508, 10, '10.45', 'Dit is vraag 10.45', NULL, 29, '2016-11-10 20:36:45'),
(509, 10, '10.46', 'Dit is vraag 10.46', NULL, 29, '2016-11-10 20:36:45'),
(510, 10, '10.47', 'Dit is vraag 10.47', NULL, 29, '2016-11-10 20:36:45'),
(511, 10, '10.48', 'Dit is vraag 10.48', NULL, 29, '2016-11-10 20:36:45'),
(512, 10, '10.49', 'Dit is vraag 10.49', NULL, 29, '2016-11-10 20:36:45'),
(513, 10, '10.50', 'Dit is vraag 10.50', NULL, 29, '2016-11-10 20:36:45'),
(514, 10, '10.51', 'Dit is vraag 10.51', NULL, 29, '2016-11-10 20:36:45'),
(515, 10, '10.52', 'Dit is vraag 10.52', NULL, 29, '2016-11-10 20:36:45'),
(516, 10, '10.53', 'Dit is vraag 10.53', NULL, 29, '2016-11-10 20:36:45'),
(517, 10, '10.54', 'Dit is vraag 10.54', NULL, 29, '2016-11-10 20:36:45'),
(518, 10, '10.55', 'Dit is vraag 10.55', NULL, 29, '2016-11-10 20:36:45'),
(519, 10, '10.56', 'Dit is vraag 10.56', NULL, 29, '2016-11-10 20:36:45'),
(520, 10, '10.57', 'Dit is vraag 10.57', NULL, 29, '2016-11-10 20:36:45'),
(521, 10, '10.58', 'Dit is vraag 10.58', NULL, 29, '2016-11-10 20:36:45'),
(522, 10, '10.59', 'Dit is vraag 10.59', NULL, 29, '2016-11-10 20:36:45'),
(523, 10, '10.60', 'Dit is vraag 10.60', NULL, 29, '2016-11-10 20:36:45'),
(524, 10, '10.61', 'Dit is vraag 10.61', NULL, 30, '2016-11-10 20:36:45'),
(525, 10, '10.62', 'Dit is vraag 10.62', NULL, 30, '2016-11-10 20:36:45'),
(526, 10, '10.63', 'Dit is vraag 10.63', NULL, 30, '2016-11-10 20:36:45'),
(527, 10, '10.64', 'Dit is vraag 10.64', NULL, 30, '2016-11-10 20:36:45'),
(528, 10, '10.65', 'Dit is vraag 10.65', NULL, 30, '2016-11-10 20:36:45'),
(529, 10, '10.66', 'Dit is vraag 10.66', NULL, 30, '2016-11-10 20:36:45'),
(530, 10, '10.67', 'Dit is vraag 10.67', NULL, 30, '2016-11-10 20:36:45'),
(531, 10, '10.68', 'Dit is vraag 10.68', NULL, 30, '2016-11-10 20:36:45'),
(532, 10, '10.69', 'Dit is vraag 10.69', NULL, 30, '2016-11-10 20:36:45'),
(533, 10, '10.70', 'Dit is vraag 10.70', NULL, 30, '2016-11-10 20:36:45'),
(534, 10, '10.71', 'Dit is vraag 10.71', NULL, 30, '2016-11-10 20:36:45'),
(535, 10, '10.72', 'Dit is vraag 10.72', NULL, 30, '2016-11-10 20:36:45'),
(536, 11, '11.1 ', 'Dit is vraag 11.1 ', NULL, 31, '2016-11-10 20:36:45'),
(537, 11, '11.2 ', 'Dit is vraag 11.2 ', NULL, 31, '2016-11-10 20:36:45'),
(538, 11, '11.3 ', 'Dit is vraag 11.3 ', NULL, 31, '2016-11-10 20:36:45'),
(539, 11, '11.4 ', 'Dit is vraag 11.4 ', NULL, 31, '2016-11-10 20:36:45'),
(540, 11, '11.5 ', 'Dit is vraag 11.5 ', NULL, 31, '2016-11-10 20:36:45'),
(541, 11, '11.6 ', 'Dit is vraag 11.6 ', NULL, 31, '2016-11-10 20:36:45'),
(542, 11, '11.7 ', 'Dit is vraag 11.7 ', NULL, 31, '2016-11-10 20:36:45'),
(543, 11, '11.8 ', 'Dit is vraag 11.8 ', NULL, 31, '2016-11-10 20:36:45'),
(544, 11, '11.9 ', 'Dit is vraag 11.9 ', NULL, 31, '2016-11-10 20:36:45'),
(545, 11, '11.10', 'Dit is vraag 11.10', NULL, 31, '2016-11-10 20:36:45'),
(546, 11, '11.11', 'Dit is vraag 11.11', NULL, 31, '2016-11-10 20:36:45'),
(547, 11, '11.12', 'Dit is vraag 11.12', NULL, 31, '2016-11-10 20:36:45'),
(548, 11, '11.13', 'Dit is vraag 11.13', NULL, 31, '2016-11-10 20:36:45'),
(549, 11, '11.14', 'Dit is vraag 11.14', NULL, 31, '2016-11-10 20:36:45'),
(550, 11, '11.15', 'Dit is vraag 11.15', NULL, 31, '2016-11-10 20:36:45'),
(551, 11, '11.16', 'Dit is vraag 11.16', NULL, 31, '2016-11-10 20:36:45'),
(552, 11, '11.17', 'Dit is vraag 11.17', NULL, 31, '2016-11-10 20:36:45'),
(553, 11, '11.18', 'Dit is vraag 11.18', NULL, 31, '2016-11-10 20:36:45'),
(554, 11, '11.19', 'Dit is vraag 11.19', NULL, 31, '2016-11-10 20:36:45'),
(555, 11, '11.20', 'Dit is vraag 11.20', NULL, 31, '2016-11-10 20:36:45'),
(556, 11, '11.21', 'Dit is vraag 11.21', NULL, 32, '2016-11-10 20:36:45'),
(557, 11, '11.22', 'Dit is vraag 11.22', NULL, 32, '2016-11-10 20:36:45'),
(558, 11, '11.23', 'Dit is vraag 11.23', NULL, 32, '2016-11-10 20:36:45'),
(559, 11, '11.24', 'Dit is vraag 11.24', NULL, 32, '2016-11-10 20:36:45'),
(560, 11, '11.25', 'Dit is vraag 11.25', NULL, 32, '2016-11-10 20:36:45'),
(561, 11, '11.26', 'Dit is vraag 11.26', NULL, 32, '2016-11-10 20:36:45'),
(562, 11, '11.27', 'Dit is vraag 11.27', NULL, 32, '2016-11-10 20:36:45'),
(563, 11, '11.28', 'Dit is vraag 11.28', NULL, 32, '2016-11-10 20:36:45'),
(564, 11, '11.29', 'Dit is vraag 11.29', NULL, 32, '2016-11-10 20:36:45'),
(565, 11, '11.30', 'Dit is vraag 11.30', NULL, 32, '2016-11-10 20:36:45'),
(566, 11, '11.31', 'Dit is vraag 11.31', NULL, 32, '2016-11-10 20:36:45'),
(567, 11, '11.32', 'Dit is vraag 11.32', NULL, 32, '2016-11-10 20:36:45'),
(568, 11, '11.33', 'Dit is vraag 11.33', NULL, 32, '2016-11-10 20:36:45'),
(569, 11, '11.34', 'Dit is vraag 11.34', NULL, 32, '2016-11-10 20:36:45'),
(570, 11, '11.35', 'Dit is vraag 11.35', NULL, 32, '2016-11-10 20:36:45'),
(571, 11, '11.36', 'Dit is vraag 11.36', NULL, 32, '2016-11-10 20:36:45'),
(572, 11, '11.37', 'Dit is vraag 11.37', NULL, 32, '2016-11-10 20:36:45'),
(573, 11, '11.38', 'Dit is vraag 11.38', NULL, 32, '2016-11-10 20:36:45'),
(574, 11, '11.39', 'Dit is vraag 11.39', NULL, 32, '2016-11-10 20:36:45'),
(575, 11, '11.40', 'Dit is vraag 11.40', NULL, 32, '2016-11-10 20:36:45'),
(576, 11, '11.41', 'Dit is vraag 11.41', NULL, 33, '2016-11-10 20:36:45'),
(577, 11, '11.42', 'Dit is vraag 11.42', NULL, 33, '2016-11-10 20:36:45'),
(578, 11, '11.43', 'Dit is vraag 11.43', NULL, 33, '2016-11-10 20:36:46'),
(579, 11, '11.44', 'Dit is vraag 11.44', NULL, 33, '2016-11-10 20:36:46'),
(580, 11, '11.45', 'Dit is vraag 11.45', NULL, 33, '2016-11-10 20:36:46'),
(581, 11, '11.46', 'Dit is vraag 11.46', NULL, 33, '2016-11-10 20:36:46'),
(582, 11, '11.47', 'Dit is vraag 11.47', NULL, 33, '2016-11-10 20:36:46'),
(583, 11, '11.48', 'Dit is vraag 11.48', NULL, 33, '2016-11-10 20:36:46'),
(584, 11, '11.49', 'Dit is vraag 11.49', NULL, 33, '2016-11-10 20:36:46'),
(585, 11, '11.50', 'Dit is vraag 11.50', NULL, 33, '2016-11-10 20:36:46'),
(586, 11, '11.51', 'Dit is vraag 11.51', NULL, 33, '2016-11-10 20:36:46'),
(587, 11, '11.52', 'Dit is vraag 11.52', NULL, 33, '2016-11-10 20:36:46'),
(588, 11, '11.53', 'Dit is vraag 11.53', NULL, 33, '2016-11-10 20:36:46'),
(589, 11, '11.54', 'Dit is vraag 11.54', NULL, 33, '2016-11-10 20:36:46'),
(590, 11, '11.55', 'Dit is vraag 11.55', NULL, 33, '2016-11-10 20:36:46'),
(591, 11, '11.56', 'Dit is vraag 11.56', NULL, 33, '2016-11-10 20:36:46'),
(592, 11, '11.57', 'Dit is vraag 11.57', NULL, 33, '2016-11-10 20:36:46'),
(593, 11, '11.58', 'Dit is vraag 11.58', NULL, 33, '2016-11-10 20:36:46'),
(594, 11, '11.59', 'Dit is vraag 11.59', NULL, 33, '2016-11-10 20:36:46'),
(595, 11, '11.60', 'Dit is vraag 11.60', NULL, 33, '2016-11-10 20:36:46'),
(596, 11, '11.61', 'Dit is vraag 11.61', NULL, 34, '2016-11-10 20:36:46'),
(597, 11, '11.62', 'Dit is vraag 11.62', NULL, 34, '2016-11-10 20:36:46'),
(598, 11, '11.63', 'Dit is vraag 11.63', NULL, 34, '2016-11-10 20:36:46'),
(599, 11, '11.64', 'Dit is vraag 11.64', NULL, 34, '2016-11-10 20:36:46'),
(600, 11, '11.65', 'Dit is vraag 11.65', NULL, 34, '2016-11-10 20:36:46'),
(601, 11, '11.66', 'Dit is vraag 11.66', NULL, 34, '2016-11-10 20:36:46'),
(602, 11, '11.67', 'Dit is vraag 11.67', NULL, 34, '2016-11-10 20:36:46'),
(603, 11, '11.68', 'Dit is vraag 11.68', NULL, 34, '2016-11-10 20:36:46'),
(604, 11, '11.69', 'Dit is vraag 11.69', NULL, 34, '2016-11-10 20:36:46'),
(605, 11, '11.70', 'Dit is vraag 11.70', NULL, 34, '2016-11-10 20:36:46'),
(606, 11, '11.71', 'Dit is vraag 11.71', NULL, 34, '2016-11-10 20:36:46'),
(607, 11, '11.72', 'Dit is vraag 11.72', NULL, 34, '2016-11-10 20:36:46'),
(608, 11, '11.73', 'Dit is vraag 11.73', NULL, 34, '2016-11-10 20:36:46'),
(609, 11, '11.74', 'Dit is vraag 11.74', NULL, 34, '2016-11-10 20:36:46'),
(610, 11, '11.75', 'Dit is vraag 11.75', NULL, 34, '2016-11-10 20:36:46'),
(611, 11, '11.76', 'Dit is vraag 11.76', NULL, 34, '2016-11-10 20:36:46'),
(612, 11, '11.77', 'Dit is vraag 11.77', NULL, 34, '2016-11-10 20:36:46'),
(613, 11, '11.78', 'Dit is vraag 11.78', NULL, 34, '2016-11-10 20:36:46'),
(614, 11, '11.79', 'Dit is vraag 11.79', NULL, 34, '2016-11-10 20:36:46'),
(615, 12, '12.1 ', 'Dit is vraag 12.1 ', NULL, 35, '2016-11-10 20:36:46'),
(616, 12, '12.2 ', 'Dit is vraag 12.2 ', NULL, 35, '2016-11-10 20:36:46'),
(617, 12, '12.3 ', 'Dit is vraag 12.3 ', NULL, 35, '2016-11-10 20:36:46'),
(618, 12, '12.4 ', 'Dit is vraag 12.4 ', NULL, 35, '2016-11-10 20:36:46'),
(619, 12, '12.5 ', 'Dit is vraag 12.5 ', NULL, 35, '2016-11-10 20:36:46'),
(620, 12, '12.6 ', 'Dit is vraag 12.6 ', NULL, 35, '2016-11-10 20:36:46'),
(621, 12, '12.7 ', 'Dit is vraag 12.7 ', NULL, 35, '2016-11-10 20:36:46'),
(622, 12, '12.8 ', 'Dit is vraag 12.8 ', NULL, 35, '2016-11-10 20:36:46'),
(623, 12, '12.9 ', 'Dit is vraag 12.9 ', NULL, 35, '2016-11-10 20:36:46'),
(624, 12, '12.10', 'Dit is vraag 12.10', NULL, 35, '2016-11-10 20:36:46'),
(625, 12, '12.11', 'Dit is vraag 12.11', NULL, 35, '2016-11-10 20:36:46'),
(626, 12, '12.12', 'Dit is vraag 12.12', NULL, 35, '2016-11-10 20:36:46'),
(627, 12, '12.13', 'Dit is vraag 12.13', NULL, 35, '2016-11-10 20:36:46'),
(628, 12, '12.14', 'Dit is vraag 12.14', NULL, 35, '2016-11-10 20:36:46'),
(629, 12, '12.15', 'Dit is vraag 12.15', NULL, 35, '2016-11-10 20:36:46'),
(630, 12, '12.16', 'Dit is vraag 12.16', NULL, 35, '2016-11-10 20:36:46'),
(631, 12, '12.17', 'Dit is vraag 12.17', NULL, 35, '2016-11-10 20:36:46'),
(632, 12, '12.18', 'Dit is vraag 12.18', NULL, 35, '2016-11-10 20:36:46'),
(633, 12, '12.19', 'Dit is vraag 12.19', NULL, 35, '2016-11-10 20:36:46'),
(634, 12, '12.20', 'Dit is vraag 12.20', NULL, 35, '2016-11-10 20:36:46'),
(635, 12, '12.21', 'Dit is vraag 12.21', NULL, 36, '2016-11-10 20:36:46'),
(636, 12, '12.22', 'Dit is vraag 12.22', NULL, 36, '2016-11-10 20:36:46'),
(637, 12, '12.23', 'Dit is vraag 12.23', NULL, 36, '2016-11-10 20:36:46'),
(638, 12, '12.24', 'Dit is vraag 12.24', NULL, 36, '2016-11-10 20:36:46'),
(639, 12, '12.25', 'Dit is vraag 12.25', NULL, 36, '2016-11-10 20:36:46'),
(640, 12, '12.26', 'Dit is vraag 12.26', NULL, 36, '2016-11-10 20:36:46'),
(641, 12, '12.27', 'Dit is vraag 12.27', NULL, 36, '2016-11-10 20:36:46'),
(642, 12, '12.28', 'Dit is vraag 12.28', NULL, 36, '2016-11-10 20:36:46'),
(643, 12, '12.29', 'Dit is vraag 12.29', NULL, 36, '2016-11-10 20:36:46'),
(644, 12, '12.30', 'Dit is vraag 12.30', NULL, 36, '2016-11-10 20:36:46'),
(645, 12, '12.31', 'Dit is vraag 12.31', NULL, 36, '2016-11-10 20:36:46'),
(646, 12, '12.32', 'Dit is vraag 12.32', NULL, 36, '2016-11-10 20:36:46'),
(647, 12, '12.33', 'Dit is vraag 12.33', NULL, 36, '2016-11-10 20:36:46'),
(648, 12, '12.34', 'Dit is vraag 12.34', NULL, 36, '2016-11-10 20:36:46'),
(649, 12, '12.35', 'Dit is vraag 12.35', NULL, 36, '2016-11-10 20:36:46'),
(650, 12, '12.36', 'Dit is vraag 12.36', NULL, 36, '2016-11-10 20:36:46'),
(651, 12, '12.37', 'Dit is vraag 12.37', NULL, 36, '2016-11-10 20:36:46'),
(652, 12, '12.38', 'Dit is vraag 12.38', NULL, 36, '2016-11-10 20:36:46'),
(653, 12, '12.39', 'Dit is vraag 12.39', NULL, 36, '2016-11-10 20:36:46'),
(654, 12, '12.40', 'Dit is vraag 12.40', NULL, 36, '2016-11-10 20:36:46'),
(655, 12, '12.41', 'Dit is vraag 12.41', NULL, 37, '2016-11-10 20:36:46'),
(656, 12, '12.42', 'Dit is vraag 12.42', NULL, 37, '2016-11-10 20:36:46'),
(657, 12, '12.43', 'Dit is vraag 12.43', NULL, 37, '2016-11-10 20:36:46'),
(658, 12, '12.44', 'Dit is vraag 12.44', NULL, 37, '2016-11-10 20:36:46'),
(659, 12, '12.45', 'Dit is vraag 12.45', NULL, 37, '2016-11-10 20:36:46'),
(660, 12, '12.46', 'Dit is vraag 12.46', NULL, 37, '2016-11-10 20:36:46'),
(661, 12, '12.47', 'Dit is vraag 12.47', NULL, 37, '2016-11-10 20:36:46'),
(662, 12, '12.48', 'Dit is vraag 12.48', NULL, 37, '2016-11-10 20:36:46'),
(663, 12, '12.49', 'Dit is vraag 12.49', NULL, 37, '2016-11-10 20:36:46'),
(664, 12, '12.50', 'Dit is vraag 12.50', NULL, 37, '2016-11-10 20:36:46'),
(665, 12, '12.51', 'Dit is vraag 12.51', NULL, 37, '2016-11-10 20:36:46'),
(666, 12, '12.52', 'Dit is vraag 12.52', NULL, 37, '2016-11-10 20:36:46'),
(667, 12, '12.53', 'Dit is vraag 12.53', NULL, 37, '2016-11-10 20:36:46'),
(668, 12, '12.54', 'Dit is vraag 12.54', NULL, 37, '2016-11-10 20:36:46'),
(669, 13, '13.1 ', 'Dit is vraag 13.1 ', NULL, 38, '2016-11-10 20:36:46'),
(670, 13, '13.2 ', 'Dit is vraag 13.2 ', NULL, 38, '2016-11-10 20:36:46'),
(671, 13, '13.3 ', 'Dit is vraag 13.3 ', NULL, 38, '2016-11-10 20:36:46'),
(672, 13, '13.4 ', 'Dit is vraag 13.4 ', NULL, 38, '2016-11-10 20:36:46'),
(673, 13, '13.5 ', 'Dit is vraag 13.5 ', NULL, 38, '2016-11-10 20:36:46'),
(674, 13, '13.6 ', 'Dit is vraag 13.6 ', NULL, 38, '2016-11-10 20:36:46'),
(675, 13, '13.7 ', 'Dit is vraag 13.7 ', NULL, 38, '2016-11-10 20:36:46'),
(676, 13, '13.8 ', 'Dit is vraag 13.8 ', NULL, 38, '2016-11-10 20:36:46'),
(677, 13, '13.9 ', 'Dit is vraag 13.9 ', NULL, 38, '2016-11-10 20:36:46'),
(678, 13, '13.10', 'Dit is vraag 13.10', NULL, 38, '2016-11-10 20:36:46'),
(679, 13, '13.11', 'Dit is vraag 13.11', NULL, 38, '2016-11-10 20:36:46'),
(680, 13, '13.12', 'Dit is vraag 13.12', NULL, 38, '2016-11-10 20:36:46'),
(681, 13, '13.13', 'Dit is vraag 13.13', NULL, 38, '2016-11-10 20:36:46'),
(682, 13, '13.14', 'Dit is vraag 13.14', NULL, 38, '2016-11-10 20:36:46'),
(683, 13, '13.15', 'Dit is vraag 13.15', NULL, 38, '2016-11-10 20:36:46'),
(684, 13, '13.16', 'Dit is vraag 13.16', NULL, 38, '2016-11-10 20:36:46'),
(685, 13, '13.17', 'Dit is vraag 13.17', NULL, 38, '2016-11-10 20:36:46'),
(686, 13, '13.18', 'Dit is vraag 13.18', NULL, 38, '2016-11-10 20:36:46'),
(687, 14, '14.1 ', 'Dit is vraag 14.1 ', NULL, 39, '2016-11-10 20:36:46'),
(688, 14, '14.2 ', 'Dit is vraag 14.2 ', NULL, 39, '2016-11-10 20:36:46'),
(689, 14, '14.3 ', 'Dit is vraag 14.3 ', NULL, 39, '2016-11-10 20:36:46'),
(690, 14, '14.4 ', 'Dit is vraag 14.4 ', NULL, 39, '2016-11-10 20:36:46'),
(691, 14, '14.5 ', 'Dit is vraag 14.5 ', NULL, 39, '2016-11-10 20:36:46'),
(692, 14, '14.6 ', 'Dit is vraag 14.6 ', NULL, 39, '2016-11-10 20:36:46'),
(693, 14, '14.7 ', 'Dit is vraag 14.7 ', NULL, 39, '2016-11-10 20:36:46'),
(694, 14, '14.8 ', 'Dit is vraag 14.8 ', NULL, 39, '2016-11-10 20:36:46'),
(695, 14, '14.9 ', 'Dit is vraag 14.9 ', NULL, 39, '2016-11-10 20:36:46'),
(696, 14, '14.10', 'Dit is vraag 14.10', NULL, 39, '2016-11-10 20:36:46'),
(697, 14, '14.11', 'Dit is vraag 14.11', NULL, 39, '2016-11-10 20:36:46'),
(698, 14, '14.12', 'Dit is vraag 14.12', NULL, 39, '2016-11-10 20:36:46'),
(699, 14, '14.13', 'Dit is vraag 14.13', NULL, 39, '2016-11-10 20:36:46'),
(700, 14, '14.14', 'Dit is vraag 14.14', NULL, 39, '2016-11-10 20:36:46'),
(701, 14, '14.15', 'Dit is vraag 14.15', NULL, 39, '2016-11-10 20:36:46'),
(702, 14, '14.16', 'Dit is vraag 14.16', NULL, 39, '2016-11-10 20:36:46'),
(703, 14, '14.17', 'Dit is vraag 14.17', NULL, 39, '2016-11-10 20:36:46'),
(704, 14, '14.18', 'Dit is vraag 14.18', NULL, 39, '2016-11-10 20:36:46'),
(705, 14, '14.19', 'Dit is vraag 14.19', NULL, 39, '2016-11-10 20:36:46'),
(706, 14, '14.20', 'Dit is vraag 14.20', NULL, 39, '2016-11-10 20:36:46'),
(707, 14, '14.21', 'Dit is vraag 14.21', NULL, 40, '2016-11-10 20:36:46'),
(708, 14, '14.22', 'Dit is vraag 14.22', NULL, 40, '2016-11-10 20:36:46');
INSERT INTO `correct_answer` (`idcorrect_answer`, `chapter`, `exercise_nr`, `question`, `answer`, `block_id`, `creation_date`) VALUES
(709, 14, '14.23', 'Dit is vraag 14.23', NULL, 40, '2016-11-10 20:36:46'),
(710, 14, '14.24', 'Dit is vraag 14.24', NULL, 40, '2016-11-10 20:36:46'),
(711, 14, '14.25', 'Dit is vraag 14.25', NULL, 40, '2016-11-10 20:36:46'),
(712, 14, '14.26', 'Dit is vraag 14.26', NULL, 40, '2016-11-10 20:36:46'),
(713, 14, '14.27', 'Dit is vraag 14.27', NULL, 40, '2016-11-10 20:36:46'),
(714, 14, '14.28', 'Dit is vraag 14.28', NULL, 40, '2016-11-10 20:36:46');

-- --------------------------------------------------------

--
-- Table structure for table `user`
--

CREATE TABLE IF NOT EXISTS `user` (
  `iduser` int(11) NOT NULL,
  `username` varchar(45) DEFAULT NULL
) ENGINE=InnoDB AUTO_INCREMENT=5 DEFAULT CHARSET=utf8;

--
-- Dumping data for table `user`
--

INSERT INTO `user` (`iduser`, `username`) VALUES
(1, 'ben'),
(2, 'klaas'),
(3, 'hans'),
(4, 'herman');

-- --------------------------------------------------------

--
-- Table structure for table `user_answer`
--

CREATE TABLE IF NOT EXISTS `user_answer` (
  `iduser_answer` int(11) NOT NULL,
  `correct_answerid` int(11) DEFAULT NULL,
  `answer` varchar(5000) DEFAULT NULL,
  `mark` int(11) DEFAULT NULL,
  `userid` int(11) DEFAULT NULL
) ENGINE=InnoDB AUTO_INCREMENT=40 DEFAULT CHARSET=utf8;

--
-- Dumping data for table `user_answer`
--

INSERT INTO `user_answer` (`iduser_answer`, `correct_answerid`, `answer`, `mark`, `userid`) VALUES
(1, 121, 'antwoord 1', NULL, 1),
(2, 122, 'Dit is een antwoord 2 van een gebruiker', NULL, 1),
(3, 123, 'Dit is een antwoord 3 van een gebruiker', NULL, 1),
(4, 121, 'Dit is een antwoord 1 van een gebruiker', NULL, 2),
(5, 122, 'Dit is een antwoord 2 van een gebruiker', NULL, 2),
(6, 123, 'Dit is een antwoord 3 van een gebruiker', NULL, 2),
(7, 121, 'Dit is een antwoord van een gebruiker', NULL, 3),
(8, 154, 'antw 1 block 2', NULL, 1),
(9, 155, 'antw 2 block 2', NULL, 1),
(10, 124, 'hallo antw 1.4\r\n', NULL, 1),
(11, 125, 'hallo antwoord 1.5', NULL, 1),
(12, 122, NULL, NULL, 3),
(13, 123, NULL, NULL, 3),
(14, 125, '', NULL, 3),
(15, 126, '', NULL, 3),
(16, 126, 'asdfsdf', NULL, 1),
(17, 127, 'sdfsdfsdf', NULL, 1),
(18, 128, 'sdfsdfasdfasdf', NULL, 1),
(19, 129, 'sdfasdfasdfasdf', NULL, 1),
(20, 132, 'sdfasdfsdfasdf', NULL, 1),
(21, 133, 'asdfasdfasdf', NULL, 1),
(22, 137, 'asdfasdfsdfsadfsdfasdf', NULL, 1),
(23, 138, 'sdfasdfasdfasdf', NULL, 1),
(24, 139, 'asdfasdfasdf', NULL, 1),
(25, 140, 'sadfasdfasdfsdf', NULL, 1),
(26, 141, 'asdfasdf', NULL, 1),
(27, 142, 'asdfasdfsdf', NULL, 1),
(28, 143, 'asdfasdfsdf', NULL, 1),
(29, 134, 'asdfasdfsdf', NULL, 1),
(30, 135, 'asdfasdfsdf', NULL, 1),
(31, 144, 'asdfasdfsdf', NULL, 1),
(32, 145, 'asdfasdfsdf', NULL, 1),
(33, 146, 'asdfasdfsdf', NULL, 1),
(34, 147, 'asdfasdfsdf', NULL, 1),
(35, 148, 'asdfasdfsdf', NULL, 1),
(36, 149, 'asdfasdfsdf', NULL, 1),
(37, 150, 'asdfasdfsdf', NULL, 1),
(38, 151, 'asdfasdfsdf', NULL, 1),
(39, 152, 'asdfasdfsdf', NULL, 1);

--
-- Indexes for dumped tables
--

--
-- Indexes for table `block`
--
ALTER TABLE `block`
  ADD PRIMARY KEY (`idblock`,`blockname`);

--
-- Indexes for table `correct_answer`
--
ALTER TABLE `correct_answer`
  ADD PRIMARY KEY (`idcorrect_answer`),
  ADD KEY `fk_blockid_idx` (`block_id`),
  ADD KEY `exercise_nr` (`exercise_nr`);

--
-- Indexes for table `user`
--
ALTER TABLE `user`
  ADD PRIMARY KEY (`iduser`);

--
-- Indexes for table `user_answer`
--
ALTER TABLE `user_answer`
  ADD PRIMARY KEY (`iduser_answer`),
  ADD KEY `userid` (`userid`),
  ADD KEY `correct_answerid_idx` (`correct_answerid`);

--
-- AUTO_INCREMENT for dumped tables
--

--
-- AUTO_INCREMENT for table `block`
--
ALTER TABLE `block`
  MODIFY `idblock` int(11) NOT NULL AUTO_INCREMENT,AUTO_INCREMENT=41;
--
-- AUTO_INCREMENT for table `correct_answer`
--
ALTER TABLE `correct_answer`
  MODIFY `idcorrect_answer` int(11) NOT NULL AUTO_INCREMENT,AUTO_INCREMENT=715;
--
-- AUTO_INCREMENT for table `user`
--
ALTER TABLE `user`
  MODIFY `iduser` int(11) NOT NULL AUTO_INCREMENT,AUTO_INCREMENT=5;
--
-- AUTO_INCREMENT for table `user_answer`
--
ALTER TABLE `user_answer`
  MODIFY `iduser_answer` int(11) NOT NULL AUTO_INCREMENT,AUTO_INCREMENT=40;
--
-- Constraints for dumped tables
--

--
-- Constraints for table `correct_answer`
--
ALTER TABLE `correct_answer`
  ADD CONSTRAINT `fk_blockid` FOREIGN KEY (`block_id`) REFERENCES `block` (`idblock`) ON DELETE NO ACTION ON UPDATE NO ACTION;

--
-- Constraints for table `user_answer`
--
ALTER TABLE `user_answer`
  ADD CONSTRAINT `correct_answerid` FOREIGN KEY (`correct_answerid`) REFERENCES `correct_answer` (`idcorrect_answer`) ON DELETE NO ACTION ON UPDATE NO ACTION,
  ADD CONSTRAINT `userid` FOREIGN KEY (`userid`) REFERENCES `user` (`iduser`) ON DELETE NO ACTION ON UPDATE NO ACTION;

/*!40101 SET CHARACTER_SET_CLIENT=@OLD_CHARACTER_SET_CLIENT */;
/*!40101 SET CHARACTER_SET_RESULTS=@OLD_CHARACTER_SET_RESULTS */;
/*!40101 SET COLLATION_CONNECTION=@OLD_COLLATION_CONNECTION */;
